kind	id	name	requirements	uses	sources
varbit	260	MDAUGHTER_QUEST_VAR	>0;>19	2	agility_shortcuts.tsv:82 260>0 | transports.tsv:4092 260>19
varbit	299	DWARFROCK_QUEST	=10	1	teleportation_items.tsv:87 299=10
varbit	346	GOLEM_A	=10	2	magic_carpets.tsv:3 346=10 | magic_carpets.tsv:4 346=10
varbit	418	ICS_LITTLE_VAR	<26;=26	6	magic_carpets.tsv:11 418<26 | magic_carpets.tsv:12 418=26 | magic_carpets.tsv:14 418=26 | magic_carpets.tsv:15 418=26 | magic_carpets.tsv:16 418=26 | magic_carpets.tsv:17 418=26
varbit	451	TOG_JUNA_BOWL	>1	1	teleportation_items.tsv:47 451>1
varbit	487	ZOGRE	>10	2	transports.tsv:4937 487>10 | transports.tsv:4939 487>10
varbit	496	THZFE_BLOCKING_BARRICADE	=1	4	transports.tsv:4933 496=1 | transports.tsv:4934 496=1 | transports.tsv:4935 496=1 | transports.tsv:4936 496=1
varbit	532	LOST_TRIBE_QUEST	>3	2	agility_shortcuts.tsv:87 532>3 | agility_shortcuts.tsv:88 532>3
varbit	538	LOST_TRIBE_HOLE_2_DUG	=1	2	transports.tsv:131 538=1 | transports.tsv:132 538=1
varbit	621	EDGEVILLE_SPAWN	=1	1	teleportation_portals_poh.tsv:104 621=1
varbit	668	FALADOR_SPAWN	=1	1	teleportation_portals_poh.tsv:102 668=1
varbit	2098	SWANSONG	<200;=200	2	boats.tsv:167 2098<200 | boats.tsv:168 2098=200
varbit	2187	POH_HOUSE_LOCATION	=1;=2;=3;=4;=5;=6;=7;=8;=9	72	teleportation_items.tsv:123 2187=1 | teleportation_items.tsv:124 2187=1 | teleportation_items.tsv:126 2187=2 | teleportation_items.tsv:127 2187=2 | teleportation_items.tsv:129 2187=3 | teleportation_items.tsv:130 2187=3 | teleportation_items.tsv:132 2187=4 | teleportation_items.tsv:133 2187=4 | teleportation_items.tsv:135 2187=5 | teleportation_items.tsv:136 2187=5 | teleportation_items.tsv:138 2187=6 | teleportation_items.tsv:139 2187=6 | teleportation_items.tsv:141 2187=7 | teleportation_items.tsv:142 2187=7 | teleportation_items.tsv:144 2187=8 | teleportation_items.tsv:145 2187=8 | teleportation_items.tsv:147 2187=9 | teleportation_items.tsv:148 2187=9 | teleportation_items.tsv:237 2187=1 | teleportation_items.tsv:239 2187=2 | teleportation_items.tsv:241 2187=3 | teleportation_items.tsv:243 2187=4 | teleportation_items.tsv:245 2187=5 | teleportation_items.tsv:247 2187=6 | teleportation_items.tsv:249 2187=7 | teleportation_items.tsv:251 2187=8 | teleportation_items.tsv:253 2187=9 | teleportation_items.tsv:273 2187=1 | teleportation_items.tsv:275 2187=2 | teleportation_items.tsv:277 2187=3 | teleportation_items.tsv:279 2187=4 | teleportation_items.tsv:281 2187=5 | teleportation_items.tsv:283 2187=6 | teleportation_items.tsv:285 2187=7 | teleportation_items.tsv:287 2187=8 | teleportation_items.tsv:289 2187=9 | teleportation_portals.tsv:127 2187=1 | teleportation_portals.tsv:128 2187=1 | teleportation_portals.tsv:130 2187=2 | teleportation_portals.tsv:131 2187=2 | teleportation_portals.tsv:133 2187=3 | teleportation_portals.tsv:134 2187=3 | teleportation_portals.tsv:136 2187=4 | teleportation_portals.tsv:137 2187=4 | teleportation_portals.tsv:139 2187=5 | teleportation_portals.tsv:140 2187=5 | teleportation_portals.tsv:142 2187=6 | teleportation_portals.tsv:143 2187=6 | teleportation_portals.tsv:145 2187=7 | teleportation_portals.tsv:146 2187=7 | teleportation_portals.tsv:148 2187=8 | teleportation_portals.tsv:149 2187=8 | teleportation_portals.tsv:151 2187=9 | teleportation_portals.tsv:152 2187=9 | teleportation_spells.tsv:20 2187=1 | teleportation_spells.tsv:21 2187=1 | teleportation_spells.tsv:23 2187=2 | teleportation_spells.tsv:24 2187=2 | teleportation_spells.tsv:26 2187=3 | teleportation_spells.tsv:27 2187=3 | teleportation_spells.tsv:29 2187=4 | teleportation_spells.tsv:30 2187=4 | teleportation_spells.tsv:32 2187=5 | teleportation_spells.tsv:33 2187=5 | teleportation_spells.tsv:35 2187=6 | teleportation_spells.tsv:36 2187=6 | teleportation_spells.tsv:38 2187=7 | teleportation_spells.tsv:39 2187=7 | teleportation_spells.tsv:41 2187=8 | teleportation_spells.tsv:42 2187=8 | teleportation_spells.tsv:44 2187=9 | teleportation_spells.tsv:45 2187=9
varbit	2573	MYQ3_MAIN_QUEST	=320	6	transports.tsv:1953 2573=320 | transports.tsv:1954 2573=320 | transports.tsv:1955 2573=320 | transports.tsv:1956 2573=320 | transports.tsv:1957 2573=320 | transports.tsv:1958 2573=320
varbit	2867	ZEP_MULTI_BASKET	=2	7	hot_air_balloons.tsv:3 2867=2 | hot_air_balloons.tsv:4 2867=2 | hot_air_balloons.tsv:5 2867=2 | hot_air_balloons.tsv:6 2867=2 | hot_air_balloons.tsv:7 2867=2 | hot_air_balloons.tsv:8 2867=2 | hot_air_balloons.tsv:60 2867=2
varbit	2868	ZEP_MULTI_PICCARD	=2	9	hot_air_balloons.tsv:11 2868=2 | hot_air_balloons.tsv:12 2868=2 | hot_air_balloons.tsv:13 2868=2 | hot_air_balloons.tsv:14 2868=2 | hot_air_balloons.tsv:15 2868=2 | hot_air_balloons.tsv:16 2868=2 | hot_air_balloons.tsv:17 2868=2 | hot_air_balloons.tsv:18 2868=2 | hot_air_balloons.tsv:63 2868=2
varbit	2869	ZEP_MULTI_CAST	=1	8	hot_air_balloons.tsv:41 2869=1 | hot_air_balloons.tsv:42 2869=1 | hot_air_balloons.tsv:43 2869=1 | hot_air_balloons.tsv:44 2869=1 | hot_air_balloons.tsv:45 2869=1 | hot_air_balloons.tsv:46 2869=1 | hot_air_balloons.tsv:47 2869=1 | hot_air_balloons.tsv:72 2869=1
varbit	2870	ZEP_MULTI_GNO	=1	9	hot_air_balloons.tsv:50 2870=1 | hot_air_balloons.tsv:51 2870=1 | hot_air_balloons.tsv:52 2870=1 | hot_air_balloons.tsv:53 2870=1 | hot_air_balloons.tsv:54 2870=1 | hot_air_balloons.tsv:55 2870=1 | hot_air_balloons.tsv:56 2870=1 | hot_air_balloons.tsv:57 2870=1 | hot_air_balloons.tsv:75 2870=1
varbit	2871	ZEP_MULTI_CRAFT	=1	9	hot_air_balloons.tsv:21 2871=1 | hot_air_balloons.tsv:22 2871=1 | hot_air_balloons.tsv:23 2871=1 | hot_air_balloons.tsv:24 2871=1 | hot_air_balloons.tsv:25 2871=1 | hot_air_balloons.tsv:26 2871=1 | hot_air_balloons.tsv:27 2871=1 | hot_air_balloons.tsv:28 2871=1 | hot_air_balloons.tsv:66 2871=1
varbit	2872	ZEP_MULTI_VARR	=1	9	hot_air_balloons.tsv:31 2872=1 | hot_air_balloons.tsv:32 2872=1 | hot_air_balloons.tsv:33 2872=1 | hot_air_balloons.tsv:34 2872=1 | hot_air_balloons.tsv:35 2872=1 | hot_air_balloons.tsv:36 2872=1 | hot_air_balloons.tsv:37 2872=1 | hot_air_balloons.tsv:38 2872=1 | hot_air_balloons.tsv:69 2872=1
varbit	3264	BARBASSAULT_ARENANEWB	=11	1	teleportation_minigames.tsv:3 3264=11
varbit	3311	FRIS_QUEST	=340	3	transports.tsv:4241 3311=340 | transports.tsv:4242 3311=340 | transports.tsv:4243 3311=340
varbit	3598	ATJUN_MED_REWARD	=1	6	transports.tsv:5498 3598=1 | transports.tsv:5499 3598=1 | transports.tsv:5500 3598=1 | transports.tsv:5501 3598=1 | transports.tsv:5502 3598=1 | transports.tsv:5503 3598=1
varbit	3611	ATJUN_HARD_DONE	=2	1	teleportation_items.tsv:8 3611=2
varbit	3637	VM_KUDOS	>152	4	transports.tsv:961 3637>152 | transports.tsv:962 3637>152 | transports.tsv:963 3637>152 | transports.tsv:964 3637>152
varbit	3741	DRAGONSLAYER_CRANDOR_FOUND_SECRET_DOOR	=1	1	transports.tsv:4688 3741=1
varbit	3759	BRUT_FIRE	>1	2	transports.tsv:5043 3759>1 | transports.tsv:5044 3759>1
varbit	3910	CAMELOT_SPAWN	=1	1	teleportation_portals_poh.tsv:103 3910=1
varbit	4070	SPELLBOOK	=0;=1;=2;=3	76	teleportation_spells.tsv:4 4070=0 | teleportation_spells.tsv:6 4070=0 | teleportation_spells.tsv:9 4070=0 | teleportation_spells.tsv:12 4070=0 | teleportation_spells.tsv:17 4070=0 | teleportation_spells.tsv:18 4070=0 | teleportation_spells.tsv:20 4070=0 | teleportation_spells.tsv:21 4070=0 | teleportation_spells.tsv:23 4070=0 | teleportation_spells.tsv:24 4070=0 | teleportation_spells.tsv:26 4070=0 | teleportation_spells.tsv:27 4070=0 | teleportation_spells.tsv:29 4070=0 | teleportation_spells.tsv:30 4070=0 | teleportation_spells.tsv:32 4070=0 | teleportation_spells.tsv:33 4070=0 | teleportation_spells.tsv:35 4070=0 | teleportation_spells.tsv:36 4070=0 | teleportation_spells.tsv:38 4070=0 | teleportation_spells.tsv:39 4070=0 | teleportation_spells.tsv:41 4070=0 | teleportation_spells.tsv:42 4070=0 | teleportation_spells.tsv:44 4070=0 | teleportation_spells.tsv:45 4070=0 | teleportation_spells.tsv:48 4070=0 | teleportation_spells.tsv:50 4070=0 | teleportation_spells.tsv:53 4070=0 | teleportation_spells.tsv:56 4070=0 | teleportation_spells.tsv:59 4070=0 | teleportation_spells.tsv:62 4070=0 | teleportation_spells.tsv:64 4070=0 | teleportation_spells.tsv:67 4070=0 | teleportation_spells.tsv:70 4070=0 | teleportation_spells.tsv:74 4070=1 | teleportation_spells.tsv:77 4070=1 | teleportation_spells.tsv:80 4070=1 | teleportation_spells.tsv:83 4070=1 | teleportation_spells.tsv:86 4070=1 | teleportation_spells.tsv:89 4070=1 | teleportation_spells.tsv:95 4070=1 | teleportation_spells.tsv:98 4070=1 | teleportation_spells.tsv:102 4070=2 | teleportation_spells.tsv:105 4070=2 | teleportation_spells.tsv:108 4070=2 | teleportation_spells.tsv:111 4070=2 | teleportation_spells.tsv:114 4070=2 | teleportation_spells.tsv:117 4070=2 | teleportation_spells.tsv:120 4070=2 | teleportation_spells.tsv:123 4070=2 | teleportation_spells.tsv:127 4070=3 | teleportation_spells.tsv:130 4070=3 | teleportation_spells.tsv:133 4070=3 | teleportation_spells.tsv:136 4070=3 | teleportation_spells.tsv:143 4070=3 | teleportation_spells.tsv:146 4070=3 | teleportation_spells.tsv:149 4070=3 | teleportation_spells.tsv:152 4070=3 | teleportation_spells.tsv:155 4070=3 | teleportation_spells.tsv:158 4070=3 | teleportation_spells.tsv:161 4070=3 | teleportation_spells_home.tsv:4 4070=0 | teleportation_spells_home.tsv:5 4070=0 | teleportation_spells_home.tsv:6 4070=0 | teleportation_spells_home.tsv:7 4070=0 | teleportation_spells_home.tsv:11 4070=1 | teleportation_spells_home.tsv:12 4070=1 | teleportation_spells_home.tsv:13 4070=1 | teleportation_spells_home.tsv:14 4070=1 | teleportation_spells_home.tsv:18 4070=2 | teleportation_spells_home.tsv:19 4070=2 | teleportation_spells_home.tsv:20 4070=2 | teleportation_spells_home.tsv:21 4070=2 | teleportation_spells_home.tsv:25 4070=3 | teleportation_spells_home.tsv:26 4070=3 | teleportation_spells_home.tsv:27 4070=3 | teleportation_spells_home.tsv:28 4070=3
varbit	4441	FENK_BUILT_BRIDGE_NORTH	=2	4	agility_shortcuts.tsv:498 4441=2 | agility_shortcuts.tsv:499 4441=2 | agility_shortcuts.tsv:500 4441=2 | agility_shortcuts.tsv:501 4441=2
varbit	4458	ARDOUGNE_DIARY_EASY_COMPLETE	=1	1	teleportation_items.tsv:3 4458=1
varbit	4459	ARDOUGNE_DIARY_MEDIUM_COMPLETE	=1	1	teleportation_items.tsv:4 4459=1
varbit	4460	ARDOUGNE_DIARY_HARD_COMPLETE	=1	3	teleportation_items.tsv:5 4460=1 | teleportation_items.tsv:160 4460=1 | teleportation_spells.tsv:64 4460=1
varbit	4461	ARDOUGNE_DIARY_ELITE_COMPLETE	=1	19	teleportation_items.tsv:6 4461=1 | teleportation_items.tsv:309 4461=1 | teleportation_items.tsv:310 4461=1 | teleportation_items.tsv:311 4461=1 | teleportation_items.tsv:312 4461=1 | teleportation_items.tsv:313 4461=1 | teleportation_items.tsv:314 4461=1 | teleportation_items.tsv:315 4461=1 | teleportation_items.tsv:316 4461=1 | teleportation_items.tsv:317 4461=1 | teleportation_items.tsv:318 4461=1 | teleportation_items.tsv:319 4461=1 | teleportation_items.tsv:320 4461=1 | teleportation_items.tsv:321 4461=1 | teleportation_items.tsv:322 4461=1 | teleportation_items.tsv:323 4461=1 | teleportation_items.tsv:324 4461=1 | teleportation_items.tsv:325 4461=1 | teleportation_items.tsv:326 4461=1
varbit	4462	FALADOR_DIARY_EASY_COMPLETE	=1	3	agility_shortcuts.tsv:89 4462=1 | agility_shortcuts.tsv:90 4462=1 | agility_shortcuts.tsv:91 4462=1
varbit	4464	FALADOR_DIARY_HARD_COMPLETE	=1	4	agility_shortcuts.tsv:486 4464=1 | agility_shortcuts.tsv:487 4464=1 | agility_shortcuts.tsv:488 4464=1 | agility_shortcuts.tsv:489 4464=1
varbit	4465	FALADOR_DIARY_ELITE_COMPLETE	=1	18	teleportation_items.tsv:309 4465=1 | teleportation_items.tsv:310 4465=1 | teleportation_items.tsv:311 4465=1 | teleportation_items.tsv:312 4465=1 | teleportation_items.tsv:313 4465=1 | teleportation_items.tsv:314 4465=1 | teleportation_items.tsv:315 4465=1 | teleportation_items.tsv:316 4465=1 | teleportation_items.tsv:317 4465=1 | teleportation_items.tsv:318 4465=1 | teleportation_items.tsv:319 4465=1 | teleportation_items.tsv:320 4465=1 | teleportation_items.tsv:321 4465=1 | teleportation_items.tsv:322 4465=1 | teleportation_items.tsv:323 4465=1 | teleportation_items.tsv:324 4465=1 | teleportation_items.tsv:325 4465=1 | teleportation_items.tsv:326 4465=1
varbit	4467	WILDERNESS_DIARY_MEDIUM_COMPLETE	=0;=1	2	transports.tsv:3257 4467=0 | transports.tsv:3258 4467=1
varbit	4468	WILDERNESS_DIARY_HARD_COMPLETE	=0;=1	4	teleportation_items.tsv:28 4468=1 | transports.tsv:3257 4468=0 | transports.tsv:3258 4468=0 | transports.tsv:3259 4468=1
varbit	4469	WILDERNESS_DIARY_ELITE_COMPLETE	=0;=1	23	teleportation_items.tsv:29 4469=1 | teleportation_items.tsv:309 4469=1 | teleportation_items.tsv:310 4469=1 | teleportation_items.tsv:311 4469=1 | teleportation_items.tsv:312 4469=1 | teleportation_items.tsv:313 4469=1 | teleportation_items.tsv:314 4469=1 | teleportation_items.tsv:315 4469=1 | teleportation_items.tsv:316 4469=1 | teleportation_items.tsv:317 4469=1 | teleportation_items.tsv:318 4469=1 | teleportation_items.tsv:319 4469=1 | teleportation_items.tsv:320 4469=1 | teleportation_items.tsv:321 4469=1 | teleportation_items.tsv:322 4469=1 | teleportation_items.tsv:323 4469=1 | teleportation_items.tsv:324 4469=1 | teleportation_items.tsv:325 4469=1 | teleportation_items.tsv:326 4469=1 | transports.tsv:3257 4469=0 | transports.tsv:3258 4469=0 | transports.tsv:3259 4469=0 | transports.tsv:3260 4469=1
varbit	4473	WESTERN_DIARY_HARD_COMPLETE	=1	1	teleportation_items.tsv:31 4473=1
varbit	4474	WESTERN_DIARY_ELITE_COMPLETE	=1	19	teleportation_items.tsv:32 4474=1 | teleportation_items.tsv:309 4474=1 | teleportation_items.tsv:310 4474=1 | teleportation_items.tsv:311 4474=1 | teleportation_items.tsv:312 4474=1 | teleportation_items.tsv:313 4474=1 | teleportation_items.tsv:314 4474=1 | teleportation_items.tsv:315 4474=1 | teleportation_items.tsv:316 4474=1 | teleportation_items.tsv:317 4474=1 | teleportation_items.tsv:318 4474=1 | teleportation_items.tsv:319 4474=1 | teleportation_items.tsv:320 4474=1 | teleportation_items.tsv:321 4474=1 | teleportation_items.tsv:322 4474=1 | teleportation_items.tsv:323 4474=1 | teleportation_items.tsv:324 4474=1 | teleportation_items.tsv:325 4474=1 | teleportation_items.tsv:326 4474=1
varbit	4477	KANDARIN_DIARY_HARD_COMPLETE	=1	2	teleportation_items.tsv:25 4477=1 | teleportation_spells.tsv:50 4477=1
varbit	4478	KANDARIN_DIARY_ELITE_COMPLETE	=1	19	teleportation_items.tsv:26 4478=1 | teleportation_items.tsv:309 4478=1 | teleportation_items.tsv:310 4478=1 | teleportation_items.tsv:311 4478=1 | teleportation_items.tsv:312 4478=1 | teleportation_items.tsv:313 4478=1 | teleportation_items.tsv:314 4478=1 | teleportation_items.tsv:315 4478=1 | teleportation_items.tsv:316 4478=1 | teleportation_items.tsv:317 4478=1 | teleportation_items.tsv:318 4478=1 | teleportation_items.tsv:319 4478=1 | teleportation_items.tsv:320 4478=1 | teleportation_items.tsv:321 4478=1 | teleportation_items.tsv:322 4478=1 | teleportation_items.tsv:323 4478=1 | teleportation_items.tsv:324 4478=1 | teleportation_items.tsv:325 4478=1 | teleportation_items.tsv:326 4478=1
varbit	4480	VARROCK_DIARY_MEDIUM_COMPLETE	=1	2	teleportation_items.tsv:153 4480=1 | teleportation_spells.tsv:6 4480=1
varbit	4482	VARROCK_DIARY_ELITE_COMPLETE	=1	18	teleportation_items.tsv:309 4482=1 | teleportation_items.tsv:310 4482=1 | teleportation_items.tsv:311 4482=1 | teleportation_items.tsv:312 4482=1 | teleportation_items.tsv:313 4482=1 | teleportation_items.tsv:314 4482=1 | teleportation_items.tsv:315 4482=1 | teleportation_items.tsv:316 4482=1 | teleportation_items.tsv:317 4482=1 | teleportation_items.tsv:318 4482=1 | teleportation_items.tsv:319 4482=1 | teleportation_items.tsv:320 4482=1 | teleportation_items.tsv:321 4482=1 | teleportation_items.tsv:322 4482=1 | teleportation_items.tsv:323 4482=1 | teleportation_items.tsv:324 4482=1 | teleportation_items.tsv:325 4482=1 | teleportation_items.tsv:326 4482=1
varbit	4485	DESERT_DIARY_HARD_COMPLETE	=1	2	teleportation_items.tsv:11 4485=1 | teleportation_items.tsv:347 4485=1
varbit	4486	DESERT_DIARY_ELITE_COMPLETE	=1	20	teleportation_items.tsv:12 4486=1 | teleportation_items.tsv:13 4486=1 | teleportation_items.tsv:309 4486=1 | teleportation_items.tsv:310 4486=1 | teleportation_items.tsv:311 4486=1 | teleportation_items.tsv:312 4486=1 | teleportation_items.tsv:313 4486=1 | teleportation_items.tsv:314 4486=1 | teleportation_items.tsv:315 4486=1 | teleportation_items.tsv:316 4486=1 | teleportation_items.tsv:317 4486=1 | teleportation_items.tsv:318 4486=1 | teleportation_items.tsv:319 4486=1 | teleportation_items.tsv:320 4486=1 | teleportation_items.tsv:321 4486=1 | teleportation_items.tsv:322 4486=1 | teleportation_items.tsv:323 4486=1 | teleportation_items.tsv:324 4486=1 | teleportation_items.tsv:325 4486=1 | teleportation_items.tsv:326 4486=1
varbit	4487	MORYTANIA_DIARY_EASY_COMPLETE	=1	1	teleportation_items.tsv:15 4487=1
varbit	4488	MORYTANIA_DIARY_MEDIUM_COMPLETE	=1	1	teleportation_items.tsv:16 4488=1
varbit	4489	MORYTANIA_DIARY_HARD_COMPLETE	=1	1	teleportation_items.tsv:18 4489=1
varbit	4490	MORYTANIA_DIARY_ELITE_COMPLETE	=1	19	teleportation_items.tsv:17 4490=1 | teleportation_items.tsv:309 4490=1 | teleportation_items.tsv:310 4490=1 | teleportation_items.tsv:311 4490=1 | teleportation_items.tsv:312 4490=1 | teleportation_items.tsv:313 4490=1 | teleportation_items.tsv:314 4490=1 | teleportation_items.tsv:315 4490=1 | teleportation_items.tsv:316 4490=1 | teleportation_items.tsv:317 4490=1 | teleportation_items.tsv:318 4490=1 | teleportation_items.tsv:319 4490=1 | teleportation_items.tsv:320 4490=1 | teleportation_items.tsv:321 4490=1 | teleportation_items.tsv:322 4490=1 | teleportation_items.tsv:323 4490=1 | teleportation_items.tsv:324 4490=1 | teleportation_items.tsv:325 4490=1 | teleportation_items.tsv:326 4490=1
varbit	4491	FREMENNIK_DIARY_EASY_COMPLETE	=1	3	teleportation_items.tsv:20 4491=1 | teleportation_items.tsv:21 4491=1 | teleportation_items.tsv:22 4491=1
varbit	4493	FREMENNIK_DIARY_HARD_COMPLETE	=0;=1	9	teleportation_items.tsv:339 4493=1 | teleportation_items.tsv:343 4493=1 | teleportation_items.tsv:365 4493=1 | teleportation_portals_poh.tsv:118 4493=0 | teleportation_portals_poh.tsv:119 4493=0 | teleportation_portals_poh.tsv:120 4493=0 | teleportation_portals_poh.tsv:121 4493=1 | teleportation_portals_poh.tsv:122 4493=1 | teleportation_portals_poh.tsv:123 4493=1
varbit	4494	FREMENNIK_DIARY_ELITE_COMPLETE	=1	23	teleportation_items.tsv:23 4494=1 | teleportation_items.tsv:309 4494=1 | teleportation_items.tsv:310 4494=1 | teleportation_items.tsv:311 4494=1 | teleportation_items.tsv:312 4494=1 | teleportation_items.tsv:313 4494=1 | teleportation_items.tsv:314 4494=1 | teleportation_items.tsv:315 4494=1 | teleportation_items.tsv:316 4494=1 | teleportation_items.tsv:317 4494=1 | teleportation_items.tsv:318 4494=1 | teleportation_items.tsv:319 4494=1 | teleportation_items.tsv:320 4494=1 | teleportation_items.tsv:321 4494=1 | teleportation_items.tsv:322 4494=1 | teleportation_items.tsv:323 4494=1 | teleportation_items.tsv:324 4494=1 | teleportation_items.tsv:325 4494=1 | teleportation_items.tsv:326 4494=1 | teleportation_items.tsv:340 4494=1 | teleportation_items.tsv:341 4494=1 | teleportation_items.tsv:344 4494=1 | teleportation_items.tsv:345 4494=1
varbit	4496	LUMBRIDGE_DIARY_MEDIUM_COMPLETE	=1	1	teleportation_items.tsv:34 4496=1
varbit	4497	LUMBRIDGE_DIARY_HARD_COMPLETE	=1	1	teleportation_items.tsv:35 4497=1
varbit	4498	LUMBRIDGE_DIARY_ELITE_COMPLETE	=1	18	teleportation_items.tsv:309 4498=1 | teleportation_items.tsv:310 4498=1 | teleportation_items.tsv:311 4498=1 | teleportation_items.tsv:312 4498=1 | teleportation_items.tsv:313 4498=1 | teleportation_items.tsv:314 4498=1 | teleportation_items.tsv:315 4498=1 | teleportation_items.tsv:316 4498=1 | teleportation_items.tsv:317 4498=1 | teleportation_items.tsv:318 4498=1 | teleportation_items.tsv:319 4498=1 | teleportation_items.tsv:320 4498=1 | teleportation_items.tsv:321 4498=1 | teleportation_items.tsv:322 4498=1 | teleportation_items.tsv:323 4498=1 | teleportation_items.tsv:324 4498=1 | teleportation_items.tsv:325 4498=1 | teleportation_items.tsv:326 4498=1
varbit	4541	WILDERNESS_SWORD_LAST_TELEPORT	=0	1	teleportation_items.tsv:28 4541=0
varbit	4542	MORYTANIA_LEGS_LAST_TELEPORT	<2;<5	2	teleportation_items.tsv:15 4542<2 | teleportation_items.tsv:16 4542<5
varbit	4548	YANILLE_TELEPORT_LOCATION	=0;=1	6	teleportation_portals_poh.tsv:136 4548=0 | teleportation_portals_poh.tsv:137 4548=0 | teleportation_portals_poh.tsv:138 4548=0 | teleportation_portals_poh.tsv:139 4548=1 | teleportation_portals_poh.tsv:140 4548=1 | teleportation_portals_poh.tsv:141 4548=1
varbit	4552	LUMBRIDGE_CABBAGE_TELEPORT	<3	1	teleportation_items.tsv:34 4552<3
varbit	4558	DESERT_NARDAH_TELEPORT	=0	1	teleportation_items.tsv:11 4558=0
varbit	4560	SEERS_CAMELOT_TELEPORT	=0;=1	6	teleportation_portals_poh.tsv:26 4560=0 | teleportation_portals_poh.tsv:27 4560=0 | teleportation_portals_poh.tsv:28 4560=0 | teleportation_portals_poh.tsv:29 4560=1 | teleportation_portals_poh.tsv:30 4560=1 | teleportation_portals_poh.tsv:31 4560=1
varbit	4561	SEERS_SHERLOCK_TELEPORT	=0	1	teleportation_items.tsv:25 4561=0
varbit	4564	WESTERN_PISC_TELEPORT	=0	1	teleportation_items.tsv:31 4564=0
varbit	4566	KARAMJA_DIARY_ELITE_COMPLETE	=1	19	teleportation_items.tsv:9 4566=1 | teleportation_items.tsv:309 4566=1 | teleportation_items.tsv:310 4566=1 | teleportation_items.tsv:311 4566=1 | teleportation_items.tsv:312 4566=1 | teleportation_items.tsv:313 4566=1 | teleportation_items.tsv:314 4566=1 | teleportation_items.tsv:315 4566=1 | teleportation_items.tsv:316 4566=1 | teleportation_items.tsv:317 4566=1 | teleportation_items.tsv:318 4566=1 | teleportation_items.tsv:319 4566=1 | teleportation_items.tsv:320 4566=1 | teleportation_items.tsv:321 4566=1 | teleportation_items.tsv:322 4566=1 | teleportation_items.tsv:323 4566=1 | teleportation_items.tsv:324 4566=1 | teleportation_items.tsv:325 4566=1 | teleportation_items.tsv:326 4566=1
varbit	4585	VARROCK_GE_TELEPORT	=0;=1	6	teleportation_portals_poh.tsv:62 4585=1 | teleportation_portals_poh.tsv:63 4585=1 | teleportation_portals_poh.tsv:64 4585=1 | teleportation_portals_poh.tsv:124 4585=0 | teleportation_portals_poh.tsv:125 4585=0 | teleportation_portals_poh.tsv:126 4585=0
varbit	4744	POH_TELE_TOGGLE	=0;=1	61	teleportation_items.tsv:120 4744=0 | teleportation_items.tsv:121 4744=1 | teleportation_items.tsv:123 4744=1 | teleportation_items.tsv:124 4744=0 | teleportation_items.tsv:126 4744=1 | teleportation_items.tsv:127 4744=0 | teleportation_items.tsv:129 4744=1 | teleportation_items.tsv:130 4744=0 | teleportation_items.tsv:132 4744=1 | teleportation_items.tsv:133 4744=0 | teleportation_items.tsv:135 4744=1 | teleportation_items.tsv:136 4744=0 | teleportation_items.tsv:138 4744=1 | teleportation_items.tsv:139 4744=0 | teleportation_items.tsv:141 4744=1 | teleportation_items.tsv:142 4744=0 | teleportation_items.tsv:144 4744=1 | teleportation_items.tsv:145 4744=0 | teleportation_items.tsv:147 4744=1 | teleportation_items.tsv:148 4744=0 | teleportation_items.tsv:235 4744=0 | teleportation_items.tsv:237 4744=1 | teleportation_items.tsv:239 4744=1 | teleportation_items.tsv:241 4744=1 | teleportation_items.tsv:243 4744=1 | teleportation_items.tsv:245 4744=1 | teleportation_items.tsv:247 4744=1 | teleportation_items.tsv:249 4744=1 | teleportation_items.tsv:251 4744=1 | teleportation_items.tsv:253 4744=1 | teleportation_items.tsv:271 4744=0 | teleportation_items.tsv:273 4744=1 | teleportation_items.tsv:275 4744=1 | teleportation_items.tsv:277 4744=1 | teleportation_items.tsv:279 4744=1 | teleportation_items.tsv:281 4744=1 | teleportation_items.tsv:283 4744=1 | teleportation_items.tsv:285 4744=1 | teleportation_items.tsv:287 4744=1 | teleportation_items.tsv:289 4744=1 | teleportation_spells.tsv:17 4744=0 | teleportation_spells.tsv:18 4744=0 | teleportation_spells.tsv:18 4744=1 | teleportation_spells.tsv:20 4744=1 | teleportation_spells.tsv:21 4744=0 | teleportation_spells.tsv:23 4744=1 | teleportation_spells.tsv:24 4744=0 | teleportation_spells.tsv:26 4744=1 | teleportation_spells.tsv:27 4744=0 | teleportation_spells.tsv:29 4744=1 | teleportation_spells.tsv:30 4744=0 | teleportation_spells.tsv:32 4744=1 | teleportation_spells.tsv:33 4744=0 | teleportation_spells.tsv:35 4744=1 | teleportation_spells.tsv:36 4744=0 | teleportation_spells.tsv:38 4744=1 | teleportation_spells.tsv:39 4744=0 | teleportation_spells.tsv:41 4744=1 | teleportation_spells.tsv:42 4744=0 | teleportation_spells.tsv:44 4744=1 | teleportation_spells.tsv:45 4744=0
varbit	4819	CHINCHOMPA_TELEPORTS	<5	2	teleportation_items.tsv:265 4819<5 | teleportation_items.tsv:266 4819<5
varbit	5005	FREMENNIK_BASIC_TELEPORT	<3;<5;=0	3	teleportation_items.tsv:20 5005=0 | teleportation_items.tsv:21 5005<3 | teleportation_items.tsv:22 5005<5
varbit	5023	FENK_BUILT_BRIDGE_SOUTH	=2	4	agility_shortcuts.tsv:498 5023=2 | agility_shortcuts.tsv:499 5023=2 | agility_shortcuts.tsv:500 5023=2 | agility_shortcuts.tsv:501 5023=2
varbit	5087	CATA_HOLE1	=1	2	transports.tsv:4869 5087=1 | transports.tsv:4870 5087=1
varbit	5088	CATA_HOLE2	=1	12	transports.tsv:4873 5088=1 | transports.tsv:4874 5088=1 | transports.tsv:4875 5088=1 | transports.tsv:4876 5088=1 | transports.tsv:4877 5088=1 | transports.tsv:4878 5088=1 | transports.tsv:4879 5088=1 | transports.tsv:4880 5088=1 | transports.tsv:4881 5088=1 | transports.tsv:4882 5088=1 | transports.tsv:4883 5088=1 | transports.tsv:4884 5088=1
varbit	5421	RAIDS_GUIDE_TRAVEL_UNLOCK	=1	6	transports.tsv:4737 5421=1 | transports.tsv:4738 5421=1 | transports.tsv:4739 5421=1 | transports.tsv:4740 5421=1 | transports.tsv:4741 5421=1 | transports.tsv:4742 5421=1
varbit	5619	VEOS_PROGRESS	>0	1	teleportation_items.tsv:48 5619>0
varbit	5628	KARAM_DUNGEON_ENTRYFEE	=1	3	transports.tsv:4758 5628=1 | transports.tsv:4760 5628=1 | transports.tsv:4762 5628=1
varbit	5629	KARAM_DUNGEON_BACKDOOR	>0	5	transports.tsv:4766 5629>0 | transports.tsv:4767 5629>0 | transports.tsv:4768 5629>0 | transports.tsv:4769 5629>0 | transports.tsv:4770 5629>0
varbit	5672	BOOKOFSCROLLS_NARDAH	>0	1	teleportation_items.tsv:202 5672>0
varbit	5673	BOOKOFSCROLLS_DIGSITE	>0	1	teleportation_items.tsv:204 5673>0
varbit	5674	BOOKOFSCROLLS_FELDIP	>0	1	teleportation_items.tsv:206 5674>0
varbit	5675	BOOKOFSCROLLS_LUNARISLE	>0	1	teleportation_items.tsv:208 5675>0
varbit	5676	BOOKOFSCROLLS_MORTTON	>0	1	teleportation_items.tsv:210 5676>0
varbit	5677	BOOKOFSCROLLS_PESTCONTROL	>0	1	teleportation_items.tsv:212 5677>0
varbit	5678	BOOKOFSCROLLS_PISCATORIS	>0	1	teleportation_items.tsv:214 5678>0
varbit	5679	BOOKOFSCROLLS_TAIBWO	>0	1	teleportation_items.tsv:216 5679>0
varbit	5680	BOOKOFSCROLLS_ELF	>0	1	teleportation_items.tsv:218 5680>0
varbit	5681	BOOKOFSCROLLS_MOSLES	>0	1	teleportation_items.tsv:220 5681>0
varbit	5682	BOOKOFSCROLLS_LUMBERYARD	>0	1	teleportation_items.tsv:222 5682>0
varbit	5683	BOOKOFSCROLLS_ZULANDRA	>0	1	teleportation_items.tsv:224 5683>0
varbit	5684	BOOKOFSCROLLS_CERBERUS	>0	1	teleportation_items.tsv:226 5684>0
varbit	5810	OBSERVATORY_SHORTCUT_ROPE	=1	1	agility_shortcuts.tsv:139 5810=1
varbit	6027	HOSIDIUSQUEST	>6	10	transports.tsv:5075 6027>6 | transports.tsv:5076 6027>6 | transports.tsv:5077 6027>6 | transports.tsv:5078 6027>6 | transports.tsv:5079 6027>6 | transports.tsv:5080 6027>6 | transports.tsv:5081 6027>6 | transports.tsv:5082 6027>6 | transports.tsv:5083 6027>6 | transports.tsv:5084 6027>6
varbit	6028	HOSIDIUSQUEST_REWARD	=1	2	teleportation_items.tsv:348 6028=1 | teleportation_items.tsv:353 6028=1
varbit	6035	VEOS_MEMOIR_CHARGES	>0	10	teleportation_items.tsv:348 6035>0 | teleportation_items.tsv:349 6035>0 | teleportation_items.tsv:350 6035>0 | teleportation_items.tsv:351 6035>0 | teleportation_items.tsv:352 6035>0 | teleportation_items.tsv:353 6035>0 | teleportation_items.tsv:354 6035>0 | teleportation_items.tsv:355 6035>0 | teleportation_items.tsv:356 6035>0 | teleportation_items.tsv:357 6035>0
varbit	6038	PISCQUEST_REWARD	=1	2	teleportation_items.tsv:349 6038=1 | teleportation_items.tsv:354 6038=1
varbit	6056	BOOKOFSCROLLS_REVENANTS	>0	1	teleportation_items.tsv:228 6056>0
varbit	6069	ARDOUGNE_CLOAK_LOWBITS	<3;<5	2	teleportation_items.tsv:4 6069<3 | teleportation_items.tsv:5 6069<5
varbit	6076	CORSAIR_COVE_RESOURCE_ENTRY	=1	6	agility_shortcuts.tsv:101 6076=1 | agility_shortcuts.tsv:102 6076=1 | agility_shortcuts.tsv:103 6076=1 | transports.tsv:5508 6076=1 | transports.tsv:5509 6076=1 | transports.tsv:5510 6076=1
varbit	6312	LUMBRIDGE_MED_COUNT	=1	1	agility_shortcuts.tsv:277 6312=1
varbit	6359	SHAYZIENQUEST_REWARD	=1	2	teleportation_items.tsv:350 6359=1 | teleportation_items.tsv:355 6359=1
varbit	6528	MY2ARM_STATUS	=207;>199;>74	8	teleportation_items.tsv:364 6528=207 | teleportation_items.tsv:365 6528=207 | teleportation_items.tsv:366 6528=207 | transports.tsv:4289 6528>74 | transports.tsv:4291 6528>74 | transports.tsv:4293 6528>74 | transports.tsv:4303 6528>199 | transports.tsv:4304 6528>199
varbit	7255	MYQ5	=138;>41;>87	20	agility_shortcuts.tsv:496 7255=138 | agility_shortcuts.tsv:497 7255=138 | boats.tsv:119 7255>41 | boats.tsv:120 7255>41 | boats.tsv:121 7255>87 | boats.tsv:122 7255>41 | boats.tsv:123 7255>41 | boats.tsv:124 7255>87 | boats.tsv:125 7255>41 | boats.tsv:126 7255>41 | boats.tsv:127 7255>87 | boats.tsv:128 7255>41 | boats.tsv:129 7255>41 | boats.tsv:130 7255>87 | boats.tsv:131 7255>41 | boats.tsv:132 7255>41 | boats.tsv:133 7255>87 | boats.tsv:134 7255>87 | boats.tsv:135 7255>87 | boats.tsv:136 7255>87
varbit	7796	LOVAQUEST	<11;=11	66	minecarts.tsv:24 7796<11 | minecarts.tsv:26 7796<11 | minecarts.tsv:27 7796<11 | minecarts.tsv:29 7796<11 | minecarts.tsv:30 7796<11 | minecarts.tsv:32 7796<11 | minecarts.tsv:33 7796<11 | minecarts.tsv:35 7796<11 | minecarts.tsv:36 7796<11 | minecarts.tsv:38 7796<11 | minecarts.tsv:40 7796<11 | minecarts.tsv:41 7796<11 | minecarts.tsv:43 7796<11 | minecarts.tsv:44 7796<11 | minecarts.tsv:46 7796<11 | minecarts.tsv:48 7796<11 | minecarts.tsv:49 7796<11 | minecarts.tsv:51 7796<11 | minecarts.tsv:52 7796<11 | minecarts.tsv:54 7796<11 | minecarts.tsv:55 7796<11 | minecarts.tsv:58 7796<11 | minecarts.tsv:60 7796<11 | minecarts.tsv:62 7796<11 | minecarts.tsv:64 7796<11 | minecarts.tsv:66 7796<11 | minecarts.tsv:68 7796<11 | minecarts.tsv:70 7796<11 | minecarts.tsv:72 7796<11 | minecarts.tsv:74 7796<11 | minecarts.tsv:76 7796<11 | minecarts.tsv:78 7796<11 | minecarts.tsv:80 7796<11 | minecarts.tsv:84 7796=11 | minecarts.tsv:86 7796=11 | minecarts.tsv:87 7796=11 | minecarts.tsv:89 7796=11 | minecarts.tsv:90 7796=11 | minecarts.tsv:92 7796=11 | minecarts.tsv:93 7796=11 | minecarts.tsv:95 7796=11 | minecarts.tsv:96 7796=11 | minecarts.tsv:98 7796=11 | minecarts.tsv:100 7796=11 | minecarts.tsv:101 7796=11 | minecarts.tsv:103 7796=11 | minecarts.tsv:104 7796=11 | minecarts.tsv:106 7796=11 | minecarts.tsv:108 7796=11 | minecarts.tsv:109 7796=11 | minecarts.tsv:111 7796=11 | minecarts.tsv:112 7796=11 | minecarts.tsv:114 7796=11 | minecarts.tsv:115 7796=11 | minecarts.tsv:118 7796=11 | minecarts.tsv:120 7796=11 | minecarts.tsv:122 7796=11 | minecarts.tsv:124 7796=11 | minecarts.tsv:126 7796=11 | minecarts.tsv:128 7796=11 | minecarts.tsv:130 7796=11 | minecarts.tsv:132 7796=11 | minecarts.tsv:134 7796=11 | minecarts.tsv:136 7796=11 | minecarts.tsv:138 7796=11 | minecarts.tsv:140 7796=11
varbit	7801	LOVAQUEST_REWARD	=1	2	teleportation_items.tsv:351 7801=1 | teleportation_items.tsv:356 7801=1
varbit	7857	ARCQUEST_REWARD	=1	2	teleportation_items.tsv:352 7857=1 | teleportation_items.tsv:357 7857=1
varbit	7925	KOUREND_DIARY_EASY_COMPLETE	=1	1	teleportation_items.tsv:37 7925=1
varbit	7926	KOUREND_DIARY_MEDIUM_COMPLETE	=1	1	teleportation_items.tsv:38 7926=1
varbit	7927	KOUREND_DIARY_HARD_COMPLETE	=1	2	teleportation_items.tsv:39 7927=1 | teleportation_items.tsv:40 7927=1
varbit	7928	KOUREND_DIARY_ELITE_COMPLETE	=1	1	teleportation_items.tsv:41 7928=1
varbit	7937	ZEAH_BLESSING_WOODLAND_TELEPORT	<3;<5	2	teleportation_items.tsv:37 7937<3 | teleportation_items.tsv:38 7937<5
varbit	7938	ZEAH_BLESSING_BRIMSTONE_TELEPORT	<3	1	teleportation_items.tsv:40 7938<3
varbit	8253	BOOKOFSCROLLS_WATSON_LOWBITS	>0	1	teleportation_items.tsv:230 8253>0
varbit	8397	HOSDUN_WEST_DOOR_STATUS	=1	2	transports.tsv:4867 8397=1 | transports.tsv:4868 8397=1
varbit	8398	HOSDUN_EAST_DOOR_STATUS	=1	1	transports.tsv:4866 8398=1
varbit	9805	CIVITAS_SPAWN	=1	1	teleportation_portals_poh.tsv:108 9805=1
varbit	10449	DARKM_SHORTCUT_INNER	=1	2	agility_shortcuts.tsv:447 10449=1 | agility_shortcuts.tsv:448 10449=1
varbit	10450	DARKM_SHORTCUT_OUTER	=1	4	agility_shortcuts.tsv:449 10450=1 | agility_shortcuts.tsv:450 10450=1 | agility_shortcuts.tsv:451 10450=1 | agility_shortcuts.tsv:452 10450=1
varbit	10528	WILDERNESS_SPAWN	=1	1	teleportation_portals_poh.tsv:106 10528=1
varbit	11175	PENDANT_OF_ATES_DARKFROST_FOUND	=1	1	teleportation_items.tsv:393 11175=1
varbit	11176	PENDANT_OF_ATES_TWILIGHT_FOUND	=1	1	teleportation_items.tsv:394 11176=1
varbit	11177	PENDANT_OF_ATES_RALOS_FOUND	=1	1	teleportation_items.tsv:395 11177=1
varbit	11178	PENDANT_OF_ATES_ALDARIN_FOUND	=1	1	teleportation_items.tsv:397 11178=1
varbit	11179	TAPOYAUIK_RUINS_FAILED_WALLSLIDE	=1	1	teleportation_items.tsv:398 11179=1
varbit	11180	TAPOYAUIK_FAILED_STEPPING_STONES	=1	1	teleportation_items.tsv:399 11180=1
varbit	11410	COLOSSEUM_HIGHEST_WAVE	>8	1	teleportation_items.tsv:54 11410>8
varbit	12310	KOUREND_SPAWN	=1	1	teleportation_portals_poh.tsv:107 12310=1
varbit	12341	CATA_HOLE_GIANTS_DEN	=1	1	transports.tsv:4905 12341=1
varbit	13599	LOTG	>49	2	fairy_rings.tsv:30 13599>49 | fairy_rings.tsv:87 13599>49
varbit	13839	PHARAOHS_SCEPTRE_NECROPOLIS	=1	1	teleportation_items.tsv:372 13839=1
varbit	13841	BCS	>10	2	transports.tsv:3371 13841>10 | transports.tsv:3372 13841>10
varbit	17226	MET_AUBURN_MOUNTAIN_GUIDE	=1	2	transports.tsv:4749 17226=1 | transports.tsv:4750 17226=1
varbit	18351	AMENITY_ROWBOAT_VATRACHOS	=1	2	boats.tsv:172 18351=1 | boats.tsv:173 18351=1
varbit	18355	AMENITY_ROWBOAT_ANGLERS	=1	2	boats.tsv:176 18355=1 | boats.tsv:177 18355=1
varbit	18356	AMENITY_ROWBOAT_SOUL_TEAR	=1	2	boats.tsv:180 18356=1 | boats.tsv:181 18356=1
varbit	18370	AMENITY_ROWBOAT_YNYSDAIL	=1	2	boats.tsv:184 18370=1 | boats.tsv:185 18370=1
varbit	18371	AMENITY_ROWBOAT_BUCCANEERS	=1	2	boats.tsv:188 18371=1 | boats.tsv:189 18371=1
varplayer	11	FISHINGCOMPO	=5	8	transports.tsv:1225 11=5 | transports.tsv:1226 11=5 | transports.tsv:1227 11=5 | transports.tsv:1228 11=5 | transports.tsv:1229 11=5 | transports.tsv:1230 11=5 | transports.tsv:1231 11=5 | transports.tsv:1232 11=5
varplayer	32	HAUNTED	=3	2	teleportation_portals.tsv:96 32=3 | teleportation_portals.tsv:97 32=3
varplayer	65	WATERFALL_QUEST	=10;>2	11	transports.tsv:1394 65>2 | transports.tsv:1395 65>2 | transports.tsv:1396 65>2 | transports.tsv:1397 65>2 | transports.tsv:1400 65=10 | transports.tsv:1401 65=10 | transports.tsv:1402 65=10 | transports.tsv:1403 65=10 | transports.tsv:1404 65=10 | transports.tsv:1405 65=10 | transports.tsv:1406 65=10
varplayer	111	TREEQUEST	>0	2	transports.tsv:1605 111>0 | transports.tsv:1606 111>0
varplayer	116	ZOMBIEQUEEN	>14	30	transports.tsv:4638 116>14 | transports.tsv:4639 116>14 | transports.tsv:4640 116>14 | transports.tsv:4641 116>14 | transports.tsv:4642 116>14 | transports.tsv:4643 116>14 | transports.tsv:4644 116>14 | transports.tsv:4645 116>14 | transports.tsv:4646 116>14 | transports.tsv:4647 116>14 | transports.tsv:4648 116>14 | transports.tsv:4649 116>14 | transports.tsv:4650 116>14 | transports.tsv:4651 116>14 | transports.tsv:4652 116>14 | transports.tsv:4653 116>14 | transports.tsv:4654 116>14 | transports.tsv:4655 116>14 | transports.tsv:4656 116>14 | transports.tsv:4657 116>14 | transports.tsv:4658 116>14 | transports.tsv:4659 116>14 | transports.tsv:4660 116>14 | transports.tsv:4661 116>14 | transports.tsv:4662 116>14 | transports.tsv:4663 116>14 | transports.tsv:4664 116>14 | transports.tsv:4665 116>14 | transports.tsv:4666 116>14 | transports.tsv:4667 116>14
varplayer	139	LEGENDSQUEST	>49;>6	96	agility_shortcuts.tsv:290 139>6 | agility_shortcuts.tsv:291 139>6 | agility_shortcuts.tsv:550 139>49 | agility_shortcuts.tsv:551 139>49 | transports.tsv:4943 139>49 | transports.tsv:4944 139>49 | transports.tsv:4945 139>49 | transports.tsv:4946 139>49 | transports.tsv:4947 139>49 | transports.tsv:4948 139>49 | transports.tsv:4949 139>49 | transports.tsv:4950 139>49 | transports.tsv:4951 139>49 | transports.tsv:4952 139>49 | transports.tsv:4953 139>49 | transports.tsv:4954 139>49 | transports.tsv:4955 139>49 | transports.tsv:4956 139>49 | transports.tsv:4957 139>49 | transports.tsv:4958 139>49 | transports.tsv:4959 139>49 | transports.tsv:4960 139>49 | transports.tsv:4961 139>49 | transports.tsv:4962 139>49 | transports.tsv:4963 139>49 | transports.tsv:4964 139>49 | transports.tsv:4965 139>49 | transports.tsv:4966 139>49 | transports.tsv:4967 139>49 | transports.tsv:4968 139>49 | transports.tsv:4969 139>49 | transports.tsv:4970 139>49 | transports.tsv:4971 139>49 | transports.tsv:4972 139>49 | transports.tsv:4973 139>49 | transports.tsv:4974 139>49 | transports.tsv:4975 139>49 | transports.tsv:4976 139>49 | transports.tsv:4977 139>49 | transports.tsv:4978 139>49 | transports.tsv:4979 139>49 | transports.tsv:4980 139>49 | transports.tsv:4981 139>49 | transports.tsv:4982 139>49 | transports.tsv:4983 139>49 | transports.tsv:4984 139>49 | transports.tsv:4985 139>49 | transports.tsv:4986 139>49 | transports.tsv:4987 139>49 | transports.tsv:4988 139>49 | transports.tsv:4989 139>49 | transports.tsv:4990 139>49 | transports.tsv:4991 139>49 | transports.tsv:4992 139>49 | transports.tsv:4993 139>49 | transports.tsv:4994 139>49 | transports.tsv:4995 139>49 | transports.tsv:4996 139>49 | transports.tsv:4997 139>49 | transports.tsv:4998 139>49 | transports.tsv:4999 139>49 | transports.tsv:5000 139>49 | transports.tsv:5001 139>49 | transports.tsv:5002 139>49 | transports.tsv:5003 139>49 | transports.tsv:5004 139>49 | transports.tsv:5005 139>49 | transports.tsv:5006 139>49 | transports.tsv:5007 139>49 | transports.tsv:5008 139>49 | transports.tsv:5009 139>49 | transports.tsv:5010 139>49 | transports.tsv:5011 139>49 | transports.tsv:5012 139>49 | transports.tsv:5013 139>49 | transports.tsv:5014 139>49 | transports.tsv:5015 139>49 | transports.tsv:5016 139>49 | transports.tsv:5017 139>49 | transports.tsv:5018 139>49 | transports.tsv:5019 139>49 | transports.tsv:5020 139>49 | transports.tsv:5021 139>49 | transports.tsv:5022 139>49 | transports.tsv:5023 139>49 | transports.tsv:5024 139>49 | transports.tsv:5025 139>49 | transports.tsv:5026 139>49 | transports.tsv:5027 139>49 | transports.tsv:5028 139>49 | transports.tsv:5029 139>49 | transports.tsv:5030 139>49 | transports.tsv:5031 139>49 | transports.tsv:5032 139>49 | transports.tsv:5033 139>49 | transports.tsv:5034 139>49
varplayer	150	GRANDTREE	=160	2	agility_shortcuts.tsv:214 150=160 | agility_shortcuts.tsv:215 150=160
varplayer	165	ELENAQUEST	=30	1	teleportation_spells.tsv:56 165=30
varplayer	176	DRAGONQUEST	=10	2	agility_shortcuts.tsv:156 176=10 | agility_shortcuts.tsv:157 176=10
varplayer	212	ITWATCHTOWER	=14	2	teleportation_spells.tsv:62 212=14 | teleportation_spells.tsv:64 212=14
varplayer	328	REGICIDE_QUEST	=15	3	agility_shortcuts.tsv:284 328=15 | agility_shortcuts.tsv:546 328=15 | agility_shortcuts.tsv:547 328=15
varplayer	359	MISC_QUEST	=100	1	teleportation_items.tsv:84 359=100
varplayer	517	MOURNING_QUEST	>1	2	transports.tsv:4729 517>1 | transports.tsv:4730 517>1
varplayer	888	SLUG2_REGIONUID	@20	21	teleportation_minigames.tsv:3 888@20 | teleportation_minigames.tsv:6 888@20 | teleportation_minigames.tsv:9 888@20 | teleportation_minigames.tsv:12 888@20 | teleportation_minigames.tsv:15 888@20 | teleportation_minigames.tsv:18 888@20 | teleportation_minigames.tsv:21 888@20 | teleportation_minigames.tsv:24 888@20 | teleportation_minigames.tsv:27 888@20 | teleportation_minigames.tsv:30 888@20 | teleportation_minigames.tsv:33 888@20 | teleportation_minigames.tsv:36 888@20 | teleportation_minigames.tsv:39 888@20 | teleportation_minigames.tsv:40 888@20 | teleportation_minigames.tsv:41 888@20 | teleportation_minigames.tsv:42 888@20 | teleportation_minigames.tsv:45 888@20 | teleportation_minigames.tsv:48 888@20 | teleportation_minigames.tsv:51 888@20 | teleportation_minigames.tsv:54 888@20 | teleportation_minigames.tsv:57 888@20
varplayer	892	AIDE_TELE_TIMER	@30	16	teleportation_spells_home.tsv:4 892@30 | teleportation_spells_home.tsv:5 892@30 | teleportation_spells_home.tsv:6 892@30 | teleportation_spells_home.tsv:7 892@30 | teleportation_spells_home.tsv:11 892@30 | teleportation_spells_home.tsv:12 892@30 | teleportation_spells_home.tsv:13 892@30 | teleportation_spells_home.tsv:14 892@30 | teleportation_spells_home.tsv:18 892@30 | teleportation_spells_home.tsv:19 892@30 | teleportation_spells_home.tsv:20 892@30 | teleportation_spells_home.tsv:21 892@30 | teleportation_spells_home.tsv:25 892@30 | teleportation_spells_home.tsv:26 892@30 | teleportation_spells_home.tsv:27 892@30 | teleportation_spells_home.tsv:28 892@30
varplayer	4182	QUETZALS_UNLOCKED	&128;&16384;&2048;&256;&32;&64	12	quetzals.tsv:10 4182&256 | quetzals.tsv:11 4182&16384 | quetzals.tsv:12 4182&128 | quetzals.tsv:13 4182&64 | quetzals.tsv:14 4182&32 | quetzals.tsv:15 4182&2048 | quetzals.tsv:24 4182&256 | quetzals.tsv:25 4182&16384 | quetzals.tsv:26 4182&128 | quetzals.tsv:27 4182&64 | quetzals.tsv:28 4182&32 | quetzals.tsv:29 4182&2048
varplayer	4560	HOME_TELEPORT_ANIM_TOGGLES	&2;&249;&4;=0	16	teleportation_spells_home.tsv:4 4560=0 | teleportation_spells_home.tsv:5 4560&2 | teleportation_spells_home.tsv:6 4560&4 | teleportation_spells_home.tsv:7 4560&249 | teleportation_spells_home.tsv:11 4560=0 | teleportation_spells_home.tsv:12 4560&2 | teleportation_spells_home.tsv:13 4560&4 | teleportation_spells_home.tsv:14 4560&249 | teleportation_spells_home.tsv:18 4560=0 | teleportation_spells_home.tsv:19 4560&2 | teleportation_spells_home.tsv:20 4560&4 | teleportation_spells_home.tsv:21 4560&249 | teleportation_spells_home.tsv:25 4560=0 | teleportation_spells_home.tsv:26 4560&2 | teleportation_spells_home.tsv:27 4560&4 | teleportation_spells_home.tsv:28 4560&249
varplayer	4566	LEAGUE_COMBAT_MASTERY_PATHS	=1	20	transports.tsv:4668 4566=1 | transports.tsv:4669 4566=1 | transports.tsv:4670 4566=1 | transports.tsv:4671 4566=1 | transports.tsv:4672 4566=1 | transports.tsv:4673 4566=1 | transports.tsv:4674 4566=1 | transports.tsv:4675 4566=1 | transports.tsv:4676 4566=1 | transports.tsv:4677 4566=1 | transports.tsv:4678 4566=1 | transports.tsv:4679 4566=1 | transports.tsv:4680 4566=1 | transports.tsv:4681 4566=1 | transports.tsv:4682 4566=1 | transports.tsv:4683 4566=1 | transports.tsv:4684 4566=1 | transports.tsv:4685 4566=1 | transports.tsv:4686 4566=1 | transports.tsv:4687 4566=1
